,auroc,aupr,fpr95
MSP,0.93029612,0.9186822983633804,0.2615
Mahalanobis,0.9535046,0.954139094223694,0.2231
SML,0.944366345,0.9439973436004492,0.2555
