,auroc,aupr,fpr95
MSP,0.79430659,0.7596229322434146,0.5866
Mahalanobis,0.8120999550000001,0.7948582551191462,0.648
SML,0.825673425,0.7979512695473273,0.5594
