,auroc,aupr,fpr95
MSP,0.8722161992931776,0.9379186342157593,0.4164
Mahalanobis,0.8606760775199753,0.9160105603520767,0.3946
SML,0.8975197161186232,0.9506670112422041,0.3757
