,auroc,aupr,fpr95
MSP,0.9797994199446836,0.9904508199816757,0.0753
Mahalanobis,0.9763336508912108,0.987309699394002,0.0752
SML,0.9903556833896742,0.9957198689422244,0.0381
