,metric,auroc_score,aupr_score,fpr95
0,Mahalanobis,0.9234141849999999,0.9306475133365418,0.3946
1,ClasswiseMahalanobis,0.9048719300000001,0.9109716848561122,0.4565
