,metric,auroc_score,aupr_score,fpr95
0,Mahalanobis,0.96017588,0.9638114941060962,0.2247
1,ClasswiseMahalanobis,0.9553166850000001,0.9587812034209313,0.2483
