,metric,auroc_score,aupr_score,fpr95
0,Mahalanobis,0.21384996499999998,0.34572435224108056,0.9766
1,ClasswiseMahalanobis,0.310751155,0.37674986715471004,0.9614
