,metric,auroc_score,aupr_score,fpr95
0,Mahalanobis,0.999012845178814,0.999073952219897,0.0031914893617021275
1,ClasswiseMahalanobis,0.998662856496152,0.9987367824741085,0.005319148936170213
