,metric,auroc_score,aupr_score,fpr95
0,Mahalanobis,0.9999977365323677,0.9999977401382109,0.0
1,ClasswiseMahalanobis,0.9999646333182436,0.9999649741107264,0.0
