,metric,auroc_score,aupr_score,fpr95
0,Mahalanobis,0.8354939349999999,0.8495421672102169,0.6523
1,ClasswiseMahalanobis,0.81370773,0.8255851481715569,0.6839
