,metric,auroc_score,aupr_score,fpr95
0,Mahalanobis,0.9975171549999999,0.9975482777938465,0.0106
1,ClasswiseMahalanobis,0.99561034,0.9958740744517788,0.0187
