,metric,auroc_score,aupr_score,fpr95
0,Mahalanobis,0.9999527501131733,0.9999544029204279,0.0
1,ClasswiseMahalanobis,0.9998268447261205,0.9998302736405087,0.0005319148936170213
