,metric,auroc_score,aupr_score,fpr95
0,Mahalanobis,0.759538845,0.7516407829982812,0.7294
1,ClasswiseMahalanobis,0.8094942350000001,0.7892596431564824,0.5951
