,metric,auroc_score,aupr_score,fpr95
0,Mahalanobis,0.9918730600000001,0.9922139259001931,0.0364
1,ClasswiseMahalanobis,0.9865582800000001,0.9873712747755984,0.0695
