,metric,auroc_score,aupr_score,fpr95
0,Mahalanobis,0.601653985,0.6211744493423489,0.9129
1,ClasswiseMahalanobis,0.608733815,0.6464393543675844,0.9235
