,metric,auroc_score,aupr_score,fpr95
0,Mahalanobis,0.54847934,0.5700746299736262,0.9344
1,ClasswiseMahalanobis,0.606569565,0.6317057565269251,0.9099
