,metric,auroc_score,aupr_score,fpr95
0,Mahalanobis,0.483181805,0.47101406998106815,0.9414
1,ClasswiseMahalanobis,0.50753985,0.5022840460464597,0.9518
