,metric,auroc_score,aupr_score,fpr95
0,Mahalanobis,0.70251642,0.6574431052423605,0.7066
1,ClasswiseMahalanobis,0.68950988,0.6453440817827698,0.7404
