,metric,auroc_score,aupr_score,fpr95
0,Mahalanobis,0.9906996944318697,0.9913159033176857,0.038829787234042554
1,ClasswiseMahalanobis,0.980472215934812,0.9817285324866122,0.10585106382978723
