,metric,auroc_score,aupr_score,fpr95
0,Mahalanobis,0.7645925549999999,0.7634407265639807,0.6949
1,ClasswiseMahalanobis,0.7677805449999999,0.7494475492615471,0.6547
