,metric,auroc_score,aupr_score,fpr95
0,Mahalanobis,0.8248026700000001,0.8244323365049622,0.6212
1,ClasswiseMahalanobis,0.780658745,0.771874631277269,0.6744
