,metric,auroc_score,aupr_score,fpr95
0,Mahalanobis,0.9025725750000001,0.9040824167442066,0.4011
1,ClasswiseMahalanobis,0.8850093600000001,0.8846555323751202,0.4678
