,metric,auroc_score,aupr_score,fpr95
0,Mahalanobis,0.59670764,0.5207559497193416,0.7173
1,ClasswiseMahalanobis,0.54528846,0.4796891057237924,0.7363
