,metric,auroc_score,aupr_score,fpr95
0,Mahalanobis,0.8140989500000001,0.821207783535642,0.6632
1,ClasswiseMahalanobis,0.78869515,0.7809458917299088,0.6895
