,metric,auroc_score,aupr_score,fpr95
0,Mahalanobis,0.66300198,0.5972016530356202,0.7538
1,ClasswiseMahalanobis,0.636539455,0.5587360238573208,0.7372
