,metric,auroc_score,aupr_score,fpr95
0,Mahalanobis,0.6905335349999999,0.6526664592041536,0.743
1,ClasswiseMahalanobis,0.67183872,0.6334405862542896,0.795
