,metric,auroc_score,aupr_score,fpr95
0,Mahalanobis,0.966189452240833,0.9711773599096627,0.20691489361702128
1,ClasswiseMahalanobis,0.970318583069262,0.9733265808322302,0.1478723404255319
