,metric,auroc_score,aupr_score,fpr95
0,Mahalanobis,0.6309147500000001,0.6206222911443977,0.8923
1,ClasswiseMahalanobis,0.744012515,0.732646682033061,0.7519
