,metric,auroc_score,aupr_score,fpr95
0,Mahalanobis,0.9964312200000001,0.9968085574112878,0.0115
1,ClasswiseMahalanobis,0.9972830300000001,0.9975680354503956,0.0067
