,metric,auroc_score,aupr_score,fpr95
0,Mahalanobis,0.9939926400000001,0.9946759844664682,0.0209
1,ClasswiseMahalanobis,0.9954327399999999,0.9958979594636637,0.015
