,metric,auroc_score,aupr_score,fpr95
0,Mahalanobis,0.9118811099999999,0.9203905121725782,0.4416
1,ClasswiseMahalanobis,0.9307254599999999,0.9304480881773567,0.3264
