,metric,auroc_score,aupr_score,fpr95
0,Mahalanobis,0.7952892199999999,0.7750536933638601,0.6421
1,ClasswiseMahalanobis,0.8412240249999999,0.8215065592730485,0.5421
