,metric,auroc_score,aupr_score,fpr95
0,Mahalanobis,0.9962345850000001,0.9964897230028901,0.0136
1,ClasswiseMahalanobis,0.9886723450000001,0.9896058131441852,0.0591
