,metric,auroc_score,aupr_score,fpr95
0,Mahalanobis,0.9999951901312811,0.9999952120502374,0.0
1,ClasswiseMahalanobis,0.9999535989135355,0.9999542662268556,0.0
