,metric,auroc_score,aupr_score,fpr95
0,Mahalanobis,0.9767194399999999,0.9793462634242038,0.134
1,ClasswiseMahalanobis,0.981779995,0.9831108903155359,0.099
