,metric,auroc_score,aupr_score,fpr95
0,Mahalanobis,0.582586625,0.5777150550309826,0.9039
1,ClasswiseMahalanobis,0.6073291,0.6009143095796945,0.905
