,metric,auroc_score,aupr_score,fpr95
0,Mahalanobis,0.9884016200000001,0.9895648356665069,0.0593
1,ClasswiseMahalanobis,0.9877996600000001,0.9885903014028578,0.057
