,metric,auroc_score,aupr_score,fpr95
0,Mahalanobis,0.73362441,0.7439214224189524,0.771
1,ClasswiseMahalanobis,0.8129448050000001,0.8151792495178782,0.6477
