,metric,auroc_score,aupr_score,fpr95
0,Mahalanobis,0.9881832842915347,0.99113363390153,0.02021276595744681
1,ClasswiseMahalanobis,0.9909472612041648,0.9931841955557446,0.010106382978723405
