,metric,auroc_score,aupr_score,fpr95
0,Mahalanobis,0.615667295,0.6307491051566987,0.9045
1,ClasswiseMahalanobis,0.6739624449999999,0.6838595334155665,0.8735
