,metric,auroc_score,aupr_score,fpr95
0,Mahalanobis,0.7761040100000001,0.7922376479537729,0.7307
1,ClasswiseMahalanobis,0.8124864350000002,0.8295165610569282,0.7027
