,metric,auroc_score,aupr_score,fpr95
0,Mahalanobis,0.4791738000000001,0.5086530638999477,0.9579
1,ClasswiseMahalanobis,0.51825156,0.5737375740925339,0.9687
